{
  "id": "APP-1759354243317-vk9tejgsy",
  "submittedAt": "2025-10-01T21:30:43.317Z",
  "status": "pending",
  "data": {
    "firstName": "moc",
    "lastName": "hope",
    "dateOfBirth": "2012-02-09",
    "nationality": "Nigerian",
    "email": "kelechiapugo223@gmail.com",
    "phone": "3065806351",
    "city": "Regina",
    "state": "Saskatchewan",
    "zipCode": "S4S3WS",
    "country": "Canada",
    "currentSchool": "lbis",
    "parentFirstName": "moc",
    "parentLastName": "hope",
    "parentEmail": "kelechiapugo223@gmail.com",
    "parentPhone": "3065806351",
    "agreeToTerms": "true",
    "agreeToContact": "true"
  }
}