{
  "id": "APP-1759356993225-6n5y0g7po",
  "submittedAt": "2025-10-01T22:16:33.225Z",
  "status": "pending",
  "data": {
    "firstName": "moc",
    "lastName": "hope",
    "dateOfBirth": "2012-02-09",
    "gender": "other",
    "nationality": "Nigerian",
    "email": "kelechiapugo223@gmail.com",
    "phone": "3065806351",
    "city": "Regina",
    "state": "Saskatchewan",
    "zipCode": "S4S3WS",
    "country": "Canada",
    "gradeApplying": "grade-4",
    "currentSchool": "lbis",
    "parentFirstName": "moc",
    "parentLastName": "hope",
    "parentEmail": "kelechiapugo223@gmail.com",
    "parentPhone": "3065806351",
    "relationship": "guardian",
    "agreeToTerms": "true",
    "agreeToContact": "true"
  }
}